Lesson,Accuracy,WPM,IdleTime

Three Minute File 01,95.9,55,0
Three Minute File 02,97.9,75,0
Three Minute File 03,99.3,82,0
Three Minute File 04,98.7,84,0
Three Minute File 05,97.2,71,0
Three Minute File 06,98.4,67,0
Three Minute File 07,92.9,48,0
Three Minute File 08,98.6,81,0
Three Minute File 09,95.0,49,0
Three Minute File 10,84.0,3,0
Three Minute File 10,100.0,97,0
Three Minute File 07,98.7,84,0
Three Minute File 09,97.4,79,0
Three Minute File 01,99.2,75,0
Three Minute File 05,98.0,78,0
Three Minute File 09,100.0,100,0
Three Minute File 02,100.0,85,0
